adjective,noun
Curious,Octopus
Clever,Alligator
Generous,Cheetah
Radiant,Beaver
Majestic,Peacock
Wise,Whale
Wise,Chipmunk
Serene,Goose
Shy,Goose
Mysterious,Buffalo
Jolly,Jaguar
Brave,Panda
Tough,Buffalo
Majestic,Alligator
Happy,Eagle
Confident,Peacock
Playful,Elephant
Majestic,Hawk
Fierce,Lynx
Vigorous,Dragonfly
Reliable,Parrot
Energetic,Dragon
Resilient,Dragon
Witty,Goose
Radiant,Shark
Cool,Wolf
Fierce,Fox
Determined,Knight
Brilliant,Turtle
Energetic,Turtle
Confident,Sparrow
Fearless,Otter
Brave,Elephant
Reliable,Lion
Tough,Falcon
Eager,Beagle
Resilient,Whale
Curious,Squirrel
Mysterious,Sparrow
Shy,Hawk
Generous,Octopus
Reliable,Phoenix
Cunning,Buffalo
Swift,Wolf
Dashing,Otter
Playful,Fox
Sneaky,Butterfly
Serene,Jaguar
Confident,Elephant
Courageous,Dolphin
Dashing,Chipmunk
Optimistic,Eagle
Courageous,Panda
Witty,Whale
Clever,Hawk
Courageous,Sparrow
Happy,Fox
Optimistic,Butterfly
Noble,Turtle
Resourceful,Monkey
Clever,Bear
Vigorous,Unicorn
Reliable,Leopard
Eager,Falcon
Dashing,Beaver
Persistent,Cheetah
Courageous,Jaguar
Loyal,Panda
Fearless,Swan
Clever,Shark
Eager,Beagle
Courageous,Butterfly
Optimistic,Swan
Happy,Jaguar
Brilliant,Cheetah
Cunning,Lynx
Majestic,Knight
Radiant,Pirate
Brilliant,Cheetah
Persistent,Dragon
Diligent,Hawk
Calm,Lynx
Calm,Squirrel
Resilient,Turtle
Mighty,Dragonfly
Happy,Jaguar
Energetic,Monkey
Diligent,Otter
Jolly,Phoenix
Clever,Alligator
Eager,Beaver
Persistent,Squirrel
Optimistic,Tiger
Generous,Beaver
Humble,Phoenix
Serene,Turtle
Calm,Squirrel
Dashing,Phoenix
Sneaky,Wizard
Brave,Leopard
Optimistic,Dragonfly
Resilient,Peacock
Determined,Jaguar
Bold,Whale
Brave,Squirrel
Confident,Wolf
Inventive,Samurai
Calm,Dragonfly
Swift,Jaguar
Radiant,Beaver
Courageous,Knight
Loyal,Sparrow
Fearless,Hawk
Adventurous,Monkey
Curious,Whale
Shy,Wizard
Energetic,Buffalo
Curious,Alligator
Bold,Goose
Majestic,Whale
Radiant,Knight
Calm,Parrot
Strong,Beagle
Tough,Dragon
Bold,Wolf
Resilient,Lynx
Energetic,Fawn
Confident,Peacock
Determined,Parrot
Graceful,Swan
Fast,Leopard
Persistent,Cheetah
Fierce,Eagle
Vibrant,Pelican
Graceful,Wolf
Reliable,Sparrow
Bold,Shark
Majestic,Unicorn
Strong,Sparrow
Jolly,Fawn
Quiet,Falcon
Mysterious,Horse
Swift,Cheetah
Loyal,Jaguar
Eager,Lynx
Curious,Knight
Happy,Shark
Jolly,Panther
Wise,Knight
Courageous,Lion
Graceful,Octopus
Bold,Phoenix
Cool,Dolphin
Calm,Hawk
Diligent,Dolphin
Loyal,Jaguar
Wise,Elephant
Graceful,Jaguar
Courageous,Pirate
Fierce,Raven
Optimistic,Butterfly
Courageous,Phoenix
Swift,Panther
Loyal,Wolf
Mysterious,Eagle
Resilient,Samurai
Humble,Lion
Strong,Alligator
Mighty,Dragonfly
Courageous,Turtle
Playful,Raven
Mighty,Raven
Noble,Peacock
Vigorous,Hawk
Mighty,Dragonfly
Witty,Eagle
Brave,Panda
Happy,Peacock
Cheerful,Eagle
Tough,Lion
Vigorous,Pirate
Persistent,Whale
Inventive,Goose
Quiet,Wolf
Humble,Eagle
Optimistic,Lynx
Adventurous,Unicorn
Calm,Leopard
Vibrant,Goose
Fierce,Unicorn
Fearless,Shark
Loyal,Kangaroo
Reliable,Cheetah
Mysterious,Hawk
Majestic,Turtle
Swift,Cheetah
Majestic,Otter
Cool,Jaguar
Resourceful,Fawn
Cheerful,Leopard
Vigorous,Wizard
Cunning,Panther
Diligent,Dragonfly
Quiet,Turtle
Optimistic,Horse
Eager,Leopard
Happy,Dragon
Playful,Eagle
Curious,Jaguar
Adventurous,Unicorn
Adventurous,Jaguar
Strong,Buffalo
Happy,Shark
Cunning,Wolf
Dashing,Lynx
Curious,Dragon
Cunning,Kangaroo
Brave,Parrot
Cool,Shark
Shy,Horse
Energetic,Hawk
Curious,Buffalo
Jolly,Goose
Strong,Panther
Eager,Buffalo
Determined,Jaguar
Brave,Squirrel
Inventive,Chipmunk
Cheerful,Peacock
Persistent,Wizard
Quiet,Otter
Mighty,Horse
Generous,Beagle
Mighty,Panda
Eager,Knight
Confident,Raven
Calm,Phoenix
Cheerful,Beagle
Sneaky,Unicorn
Playful,Panda
Loyal,Jaguar
Graceful,Fawn
Persistent,Squirrel
Curious,Wolf
Adventurous,Dragonfly
Bold,Peacock
Resilient,Lion
Bold,Whale
Humble,Wizard
Bold,Alligator
Fast,Alligator
Shy,Swan
Brilliant,Leopard
Sneaky,Otter
Vigorous,Beaver
Shy,Dolphin
Witty,Beaver
Adventurous,Beagle
Fierce,Peacock
Diligent,Octopus
Fearless,Squirrel
Cunning,Panther
Optimistic,Leopard
Optimistic,Sparrow
Tough,Swan
Determined,Beagle
Wise,Peacock
Playful,Lynx
Bold,Cheetah
Determined,Phoenix
Energetic,Elephant
Strong,Monkey
Determined,Monkey
Noble,Leopard
Noble,Butterfly
Diligent,Monkey
Energetic,Unicorn
Wise,Chipmunk
Mighty,Wolf
Tough,Shark
Happy,Parrot
Noble,Falcon
Optimistic,Raven
Curious,Jaguar
Eager,Buffalo
Optimistic,Samurai
Diligent,Bear
Curious,Chipmunk
Persistent,Beagle
Persistent,Dragonfly
Optimistic,Lynx
Shy,Elephant
Cunning,Hawk
Generous,Wizard
Fearless,Fawn
Adventurous,Hawk
Persistent,Koala
Majestic,Phoenix
Shy,Shark
Playful,Butterfly
Optimistic,Beaver
Fearless,Leopard
Dashing,Shark
Mighty,Raven
Mighty,Phoenix
Tough,Otter
Calm,Beagle
Fierce,Peacock
Resilient,Lion
Swift,Unicorn
Courageous,Butterfly
Tough,Butterfly
Fierce,Panda
Fierce,Butterfly
Mighty,Beaver
Optimistic,Dragonfly
Resilient,Dolphin
Serene,Peacock
Noble,Wolf
Mysterious,Elephant
Humble,Jaguar
Radiant,Butterfly
Cheerful,Parrot
Mighty,Beaver
Wise,Panther
Happy,Lion
Diligent,Koala
Happy,Panda
Strong,Tiger
Resilient,Cheetah
Persistent,Parrot
Resourceful,Koala
Eager,Knight
Reliable,Raven
Bold,Wolf
Optimistic,Dragonfly
Clever,Fawn
Optimistic,Panther
Tough,Turtle
Witty,Whale
Diligent,Falcon
Inventive,Unicorn
Calm,Jaguar
Mysterious,Panda
Noble,Buffalo
Eager,Tiger
Witty,Jaguar
Optimistic,Fawn
Energetic,Panther
Clever,Parrot
Resourceful,Beaver
Determined,Koala
Clever,Jaguar
Graceful,Wolf
Optimistic,Samurai
Quiet,Shark
Fierce,Elephant
Swift,Shark
Resourceful,Dragonfly
Energetic,Squirrel
Humble,Pirate
Serene,Wizard
Loyal,Squirrel
Sneaky,Lion
Diligent,Whale
Noble,Wizard
Persistent,Lion
Determined,Cheetah
Majestic,Hawk
Playful,Jaguar
Confident,Dolphin
Generous,Beaver
Mysterious,Dragon
Diligent,Wolf
Majestic,Fox
Cheerful,Cheetah
Playful,Lion
Brave,Phoenix
Persistent,Swan
Courageous,Bear
Vigorous,Tiger
Optimistic,Shark
Jolly,Octopus
Mighty,Peacock
Jolly,Raven
Calm,Peacock
Quiet,Phoenix
Mysterious,Swan
Shy,Samurai
Persistent,Peacock
Wise,Otter
Resourceful,Fox
Brilliant,Octopus
Cool,Peacock
Brilliant,Phoenix
Noble,Lion
Curious,Bear
Resourceful,Koala
Humble,Wizard
Inventive,Eagle
Courageous,Dragonfly
Adventurous,Raven
Fearless,Otter
Humble,Alligator
Tough,Squirrel
Shy,Buffalo
Optimistic,Hawk
Jolly,Fawn
Generous,Fawn
Resourceful,Otter
Clever,Hawk
Dashing,Peacock
Courageous,Tiger
Serene,Dragon
Cool,Pelican
Wise,Raven
Dashing,Dragonfly
Cheerful,Leopard
Optimistic,Monkey
Generous,Turtle
Jolly,Beaver
Eager,Wolf
Eager,Wolf
Persistent,Chipmunk
Noble,Chipmunk
Noble,Parrot
Confident,Bear
Brave,Eagle
Calm,Wizard
Serene,Lion
Humble,Beaver
Tough,Dragon
Majestic,Fox
Majestic,Beagle
Vibrant,Shark
Mighty,Pelican
Eager,Eagle
Witty,Hawk
Brilliant,Jaguar
Swift,Alligator
Shy,Buffalo
Noble,Koala
Brave,Dolphin
Brilliant,Elephant
Serene,Phoenix
Fierce,Sparrow
Swift,Peacock
Tough,Pirate
Swift,Swan
Jolly,Phoenix
Sneaky,Falcon
Cool,Otter
Energetic,Pirate
Brave,Fawn
Energetic,Goose
Happy,Shark
Witty,Hawk
Calm,Monkey
Bold,Tiger
Loyal,Eagle
Cheerful,Parrot
Noble,Dragon
Majestic,Lynx
Majestic,Fox
Graceful,Horse
Diligent,Alligator
Mighty,Beagle
Curious,Cheetah
Witty,Beagle
Vibrant,Peacock
Dashing,Wizard
Tough,Shark
Curious,Cheetah
Resourceful,Samurai
Vigorous,Pirate
Reliable,Panther
Humble,Whale
Inventive,Eagle
Resilient,Phoenix
Vigorous,Eagle
Fast,Monkey
Graceful,Wolf
Optimistic,Lion
Brave,Dolphin
Radiant,Panda
Cunning,Elephant
Generous,Elephant
Confident,Turtle
Courageous,Cheetah
Optimistic,Dragonfly
Diligent,Hawk
Dashing,Kangaroo
Fearless,Knight
Optimistic,Monkey
Fierce,Eagle
Serene,Falcon
Playful,Fox
Courageous,Beaver
Vibrant,Parrot
Loyal,Whale
Mighty,Shark
Serene,Sparrow
Dashing,Elephant
Mighty,Beagle
Playful,Shark
Noble,Elephant
Generous,Dolphin
Sneaky,Knight
Quiet,Phoenix
Bold,Pirate
Quiet,Fox
Adventurous,Fawn
Optimistic,Wolf
Optimistic,Parrot
Majestic,Beagle
Curious,Pelican
Brave,Wolf
Generous,Shark
Determined,Squirrel
Loyal,Beagle
Strong,Swan
Serene,Panda
Sneaky,Monkey
Inventive,Dragon
Clever,Leopard
Fearless,Pirate
Happy,Sparrow
Reliable,Goose
Determined,Bear
Witty,Otter
Strong,Lynx
Majestic,Wizard
Persistent,Wolf
Determined,Monkey
Reliable,Sparrow
Eager,Unicorn
Majestic,Sparrow
Cheerful,Chipmunk
Swift,Dragonfly
Calm,Bear
Graceful,Wizard
Radiant,Monkey
Witty,Cheetah
Cunning,Panther
Swift,Raven
Majestic,Octopus
Optimistic,Jaguar
Determined,Panther
Reliable,Eagle
Humble,Eagle
Clever,Panther
Inventive,Phoenix
Playful,Fawn
Mighty,Dolphin
Jolly,Alligator
Inventive,Dragon
Vibrant,Sparrow
Witty,Whale
Witty,Unicorn
Optimistic,Dragon
Vigorous,Kangaroo
Courageous,Dragon
Bold,Goose
Serene,Lynx
Humble,Pelican
Strong,Sparrow
Cheerful,Knight
Witty,Alligator
Swift,Sparrow
Shy,Eagle
Shy,Pelican
Shy,Elephant
Shy,Jaguar
Reliable,Whale
Mysterious,Beaver
Eager,Panther
Diligent,Peacock
Strong,Sparrow
Resilient,Shark
Brave,Buffalo
Swift,Dragonfly
Strong,Goose
Mysterious,Unicorn
Persistent,Jaguar
Dashing,Fawn
Generous,Otter
Diligent,Panther
Cunning,Raven
Radiant,Pirate
Witty,Whale
Wise,Whale
Witty,Shark
Strong,Cheetah
Curious,Shark
Courageous,Hawk
Courageous,Alligator
Swift,Fawn
Energetic,Bear
Cheerful,Butterfly
Mysterious,Sparrow
Majestic,Jaguar
Resilient,Beaver
Eager,Panther
Majestic,Otter
Courageous,Butterfly
Fearless,Butterfly
Dashing,Dragonfly
Mysterious,Shark
Fast,Fox
Graceful,Knight
Persistent,Phoenix
Serene,Shark
Fast,Horse
Reliable,Wizard
Tough,Hawk
Graceful,Eagle
Brilliant,Fawn
Eager,Bear
Confident,Leopard
Persistent,Swan
Shy,Knight
Determined,Shark
Strong,Squirrel
Energetic,Swan
Swift,Beaver
Noble,Koala
Swift,Lion
Sneaky,Sparrow
Humble,Dragonfly
Witty,Squirrel
Clever,Hawk
Bold,Chipmunk
Serene,Dolphin
Cool,Buffalo
Happy,Shark
Swift,Falcon
Brilliant,Whale
Courageous,Squirrel
Quiet,Turtle
Calm,Wolf
Confident,Elephant
Vibrant,Shark
Courageous,Dolphin
Brave,Unicorn
Adventurous,Bear
Brave,Otter
Mysterious,Eagle
Humble,Elephant
Happy,Beaver
Noble,Swan
Fearless,Alligator
Mysterious,Otter
Jolly,Tiger
Cheerful,Tiger
Eager,Fawn
Optimistic,Koala
Bold,Raven
Swift,Cheetah
Persistent,Elephant
Cunning,Parrot
Graceful,Fox
Courageous,Octopus
Quiet,Monkey
Confident,Cheetah
Witty,Whale
Courageous,Peacock
Humble,Samurai
Loyal,Beaver
Calm,Fox
Confident,Kangaroo
Witty,Knight
Bold,Phoenix
Majestic,Samurai
Brave,Kangaroo
Strong,Dragon
Fast,Koala
Playful,Alligator
Majestic,Dragonfly
Serene,Hawk
Clever,Buffalo
Adventurous,Elephant
Optimistic,Jaguar
Cheerful,Koala
Majestic,Lynx
Shy,Leopard
Cunning,Elephant
Adventurous,Jaguar
Generous,Peacock
Humble,Phoenix
Fearless,Peacock
Courageous,Bear
Swift,Shark
Generous,Kangaroo
Determined,Dolphin
Loyal,Cheetah
Loyal,Swan
Wise,Bear
Determined,Shark
Energetic,Wolf
Loyal,Samurai
Confident,Wolf
Sneaky,Butterfly
Cool,Panther
Witty,Knight
Happy,Monkey
Majestic,Monkey
Loyal,Dolphin
Mysterious,Otter
Radiant,Raven
Resilient,Koala
Wise,Fawn
Curious,Panther
Adventurous,Dragonfly
Resilient,Fawn
Fearless,Goose
Mysterious,Cheetah
Fierce,Panther
Bold,Dragonfly
Cunning,Koala
Wise,Horse
Vibrant,Wolf
Curious,Fox
Radiant,Bear
Jolly,Jaguar
Cunning,Parrot
Inventive,Unicorn
Sneaky,Fox
Bold,Jaguar
Eager,Chipmunk
Curious,Kangaroo
Shy,Knight
Courageous,Squirrel
Swift,Shark
Quiet,Beagle
Radiant,Horse
Wise,Panther
Cunning,Pirate
Fast,Leopard
Generous,Dragonfly
Brave,Buffalo
Bold,Panda
Brilliant,Fawn
Resourceful,Jaguar
Energetic,Koala
Fast,Falcon
Serene,Falcon
Happy,Leopard
Witty,Monkey
Clever,Dragonfly
Strong,Dragon
Graceful,Pirate
Reliable,Unicorn
Shy,Fox
Cunning,Pelican
Calm,Phoenix
Tough,Buffalo
Serene,Bear
Brilliant,Panda
Resourceful,Pirate
Swift,Wolf
Bold,Squirrel
Cool,Elephant
Radiant,Eagle
Swift,Pelican
Persistent,Unicorn
Cool,Shark
Jolly,Horse
Bold,Butterfly
Vigorous,Falcon
Jolly,Dragon
Quiet,Turtle
Cunning,Monkey
Curious,Octopus
Loyal,Fox
Radiant,Kangaroo
Vibrant,Dragon
Wise,Lynx
Clever,Phoenix
Vibrant,Swan
Fast,Cheetah
Energetic,Phoenix
Quiet,Goose
Humble,Jaguar
Determined,Turtle
Adventurous,Sparrow
Reliable,Tiger
Shy,Unicorn
Resilient,Jaguar
Adventurous,Pirate
Reliable,Parrot
Generous,Wolf
Happy,Dragon
Determined,Raven
Courageous,Otter
Serene,Otter
Witty,Chipmunk
Resilient,Shark
Radiant,Octopus
Adventurous,Tiger
Radiant,Wizard
Eager,Swan
Dashing,Jaguar
Loyal,Tiger
Optimistic,Horse
Brave,Kangaroo
Energetic,Beaver
Fierce,Goose
Persistent,Swan
Calm,Monkey
Generous,Elephant
Vigorous,Falcon
Tough,Knight
Resilient,Buffalo
Adventurous,Eagle
Resilient,Wolf
Graceful,Eagle
Eager,Wolf
Fast,Kangaroo
Happy,Horse
Playful,Buffalo
Inventive,Goose
Confident,Elephant
Playful,Jaguar
Cheerful,Hawk
Determined,Shark
Cunning,Cheetah
Courageous,Samurai
Strong,Chipmunk
Eager,Hawk
Cool,Jaguar
Clever,Dragon
Loyal,Leopard
Cunning,Elephant
Diligent,Beagle
Curious,Chipmunk
Diligent,Panda
Resilient,Peacock
Quiet,Pelican
Radiant,Wizard
Majestic,Turtle
Brilliant,Lion
Calm,Falcon
Mighty,Dragon
Fast,Raven
Majestic,Otter
Witty,Raven
Cheerful,Squirrel
Playful,Raven
Quiet,Beagle
Brilliant,Monkey
Vigorous,Tiger
Noble,Buffalo
Jolly,Squirrel
Resilient,Hawk
Generous,Samurai
Vibrant,Goose
Shy,Tiger
Shy,Dragonfly
Dashing,Goose
Mysterious,Fawn
Vigorous,Panda
Sneaky,Dolphin
Fearless,Raven
Curious,Raven
Curious,Shark
Generous,Pirate
Confident,Otter
Quiet,Phoenix
Radiant,Lynx
Clever,Jaguar
Curious,Butterfly
Inventive,Sparrow
Vigorous,Panther
Courageous,Elephant
Mighty,Alligator
Curious,Pelican
Wise,Pelican
Fearless,Pelican
Jolly,Samurai
Serene,Dragonfly
Wise,Monkey
Reliable,Samurai
Graceful,Pirate
Quiet,Tiger
Mighty,Butterfly
Calm,Koala
Brilliant,Jaguar
Fearless,Wizard
Bold,Cheetah
Radiant,Fox
Graceful,Samurai
Wise,Panther
Humble,Monkey
Curious,Butterfly
Dashing,Beaver
Vigorous,Octopus
Jolly,Butterfly
Bold,Panda
Mighty,Turtle
Jolly,Monkey
Noble,Jaguar
Generous,Dragon
Cunning,Dragonfly
Mighty,Shark
Mysterious,Parrot
Resourceful,Bear
Confident,Dolphin
Shy,Horse
Inventive,Wizard
Radiant,Fox
Brilliant,Butterfly
Cool,Lynx
Happy,Phoenix
Clever,Jaguar
Reliable,Octopus
Wise,Knight
Tough,Monkey
Brilliant,Panda
Fierce,Cheetah
Happy,Jaguar
Quiet,Chipmunk
Optimistic,Samurai
Serene,Squirrel
Resourceful,Dragon
Inventive,Phoenix
Generous,Tiger
Clever,Elephant
Generous,Wolf
Confident,Koala
Reliable,Samurai
Loyal,Eagle
Resourceful,Kangaroo
Radiant,Fox
Swift,Koala
Eager,Panda
Vibrant,Panther
Courageous,Fox
Vibrant,Sparrow
Playful,Buffalo
Fearless,Eagle
Adventurous,Whale
Happy,Pirate
Diligent,Elephant
Eager,Tiger
Cool,Raven
Confident,Pelican
Noble,Eagle
Mighty,Hawk
Fearless,Horse
Diligent,Eagle
Brave,Peacock
Eager,Alligator
Wise,Chipmunk
Calm,Fawn
Reliable,Leopard
Radiant,Whale
Resourceful,Kangaroo
Playful,Koala
Confident,Samurai
Strong,Buffalo
Noble,Otter
Dashing,Monkey
Curious,Samurai
Sneaky,Goose
Brilliant,Dolphin
Cunning,Octopus
Brave,Horse
Sneaky,Cheetah
Graceful,Beagle
Radiant,Dragonfly
Fierce,Fawn
Wise,Octopus
Jolly,Koala
Cheerful,Chipmunk
Resourceful,Koala
Radiant,Shark
Playful,Fox
Confident,Eagle
Fearless,Pirate
Adventurous,Beagle
Radiant,Cheetah
Curious,Lynx
Dashing,Falcon
Energetic,Falcon
Sneaky,Peacock
Courageous,Dragonfly
Radiant,Parrot
Reliable,Tiger
Bold,Whale
Resourceful,Dragonfly
Brilliant,Leopard
Persistent,Leopard
Confident,Hawk
Brilliant,Leopard
Energetic,Octopus
Cheerful,Jaguar
Quiet,Fox
Courageous,Butterfly
Happy,Fox
Quiet,Raven
